{
    "styles": {
        "Regular-No-IF_OWN_ICON_EXISTS": {
            "nodes": {
                "_fun_number_t1": [
                    0.0,
                    21.428924307438315
                ],
                "_res_capital_cost": [
                    249.49680380002704,
                    0.0
                ],
                "_res_operators": [
                    256.5295491613552,
                    85.71569722975326
                ],
                "_mult": [
                    108.27527364576882,
                    0.6045694996615918
                ],
                "_mult/_extrar-_res": [
                    280.02196045933727,
                    3.088395184700844
                ],
                "_res_capital_cost/_extraf-capital_cost": [
                    151.32730001440186,
                    46.03007253492903
                ],
                "_res_operators/_extraf-operators": [
                    149.72104543676514,
                    88.78893738515723
                ],
                "_mult1": [
                    150.8966954597337,
                    48.16653875052455
                ],
                "_mult1/_extrar-_res2": [
                    277.4244339090443,
                    45.931088770280596
                ]
            },
            "edges": {
                "(_fun_number_t1:number_t1)-(_mult:_op)": [
                    [
                        65.22574870032585,
                        31.94507141474658
                    ],
                    [
                        75.22574870032585,
                        31.94507141474658
                    ],
                    [
                        87.82893829779353,
                        31.94507141474658
                    ],
                    [
                        87.82893829779353,
                        10.51614710730827
                    ],
                    [
                        100.4321278952612,
                        10.51614710730827
                    ],
                    [
                        110.4321278952612,
                        10.51614710730827
                    ]
                ],
                "(_fun_number_t1:number_t1)-(_res_operators:operators)": [
                    [
                        65.21679179114616,
                        32.62321828543664
                    ],
                    [
                        75.21679179114616,
                        32.62321828543664
                    ],
                    [
                        99.6859100385162,
                        32.62321828543664
                    ],
                    [
                        99.6859100385162,
                        55.33596980307037
                    ],
                    [
                        124.15502828588623,
                        55.33596980307037
                    ],
                    [
                        134.15502828588623,
                        55.33596980307037
                    ]
                ],
                "_mult/_extrar-_res-edge-0": [
                    [
                        205.94081014623777,
                        10.515036267464513
                    ],
                    [
                        215.94081014623777,
                        10.515036267464513
                    ],
                    [
                        214.02196045933727,
                        10.515036267464513
                    ],
                    [
                        214.02196045933727,
                        10.515036267464513
                    ],
                    [
                        270.02196045933727,
                        10.515036267464513
                    ],
                    [
                        280.02196045933727,
                        10.515036267464517
                    ]
                ],
                "_res_capital_cost/_extraf-capital_cost-edge-0": [
                    [
                        169.74857992162842,
                        53.45671361769271
                    ],
                    [
                        179.74857992162842,
                        53.45671361769271
                    ],
                    [
                        212.8038340332563,
                        53.45671361769271
                    ],
                    [
                        212.8038340332563,
                        53.45671361769271
                    ],
                    [
                        245.85908814488414,
                        53.45671361769271
                    ],
                    [
                        255.85908814488414,
                        53.45671361769271
                    ]
                ],
                "_res_operators/_extraf-operators-edge-0": [
                    [
                        163.05103200903076,
                        96.18124161489355
                    ],
                    [
                        173.05103200903076,
                        96.18124161489355
                    ],
                    [
                        211.17100245976997,
                        96.18124161489355
                    ],
                    [
                        211.17100245976997,
                        96.18124161489355
                    ],
                    [
                        249.29097291050914,
                        96.18124161489355
                    ],
                    [
                        259.29097291050914,
                        96.18124161489355
                    ]
                ],
                "(_mult:_res)-(_res_capital_cost:capital_cost)": [
                    [
                        201.25027364721433,
                        10.51614710730827
                    ],
                    [
                        211.25027364721433,
                        10.51614710730827
                    ],
                    [
                        226.75425059819767,
                        10.51614710730827
                    ],
                    [
                        226.75425059819767,
                        10.516147107308264
                    ],
                    [
                        242.25822754918102,
                        10.516147107308264
                    ],
                    [
                        252.25822754918102,
                        10.516147107308264
                    ]
                ],
                "(_fun_number_t1:number_t1)-(_mult1:_op)": [
                    [
                        65.22574870032585,
                        31.94507141474658
                    ],
                    [
                        75.22574870032585,
                        31.94507141474658
                    ],
                    [
                        109.13964920477596,
                        31.94507141474658
                    ],
                    [
                        109.13964920477596,
                        53.323393000016935
                    ],
                    [
                        143.05354970922608,
                        53.323393000016935
                    ],
                    [
                        153.05354970922608,
                        53.323393000016935
                    ]
                ],