{
    "styles": {
        "Regular-No-IF_OWN_ICON_EXISTS": {
            "nodes": {
                "_fun_composition": [
                    0.0,
                    0.0
                ],
                "_fun_composition/_extrar-composition": [
                    143.75936890371193,
                    3.073240155403975
                ],
                "_res_number_t1": [
                    116.43077596510483,
                    42.85784861487663
                ],
                "_res_number_t1/_extraf-number_t1": [
                    29.050394696419595,
                    45.9310887702806
                ],
                "_res_number_t2": [
                    116.43077596510483,
                    88.78893738515723
                ],
                "_res_number_t2/_extraf-number_t2": [
                    29.050394696419595,
                    91.86217754056119
                ],
                "": [
                    0.0,
                    0.0
                ]
            },
            "edges": {
                "_fun_composition/_extrar-composition-edge-0": [
                    [
                        72.51720683020866,
                        10.516147107308264
                    ],
                    [
                        82.51720683020866,
                        10.516147107308264
                    ],
                    [
                        108.1382878669603,
                        10.516147107308264
                    ],
                    [
                        108.1382878669603,
                        10.500962323372725
                    ],
                    [
                        133.75936890371193,
                        10.500962323372725
                    ],
                    [
                        143.75936890371193,
                        10.500962323372725
                    ]
                ],
                "_res_number_t1/_extraf-number_t1-edge-0": [
                    [
                        47.47457377356803,
                        53.358810938249356
                    ],
                    [
                        57.47457377356803,
                        53.358810938249356
                    ],
                    [
                        83.33338674391342,
                        53.358810938249356
                    ],
                    [
                        83.33338674391342,
                        53.37399572218489
                    ],
                    [
                        109.1921997142588,
                        53.37399572218489
                    ],
                    [
                        119.1921997142588,
                        53.37399572218489
                    ]
                ],
                "_res_number_t2/_extraf-number_t2-edge-0": [
                    [
                        47.47457377356803,
                        99.28989970852994
                    ],
                    [
                        57.47457377356803,
                        99.28989970852994
                    ],
                    [
                        83.33338674391342,
                        99.28989970852994
                    ],
                    [
                        83.33338674391342,
                        99.30508449246548
                    ],
                    [
                        109.1921997142588,
                        99.30508449246548
                    ],
                    [
                        119.1921997142588,
                        99.30508449246548
                    ]
                ]
            }
        }
    }
}