{
    "styles": {
        "Regular-No-IF_OWN_ICON_EXISTS": {
            "nodes": {
                "_fun_composition": [
                    0.0,
                    0.0
                ],
                "_fun_composition/_extrar-composition": [
                    143.75936890371193,
                    3.073240155403975
                ],
                "_res_number_t1": [
                    116.43077596510483,
                    42.85784861487663
                ],
                "_res_number_t1/_extraf-number_t1": [
                    29.050394696419595,
                    45.9310887702806
                ],
                "_res_number_t2": [
                    116.43077596510483,
                    88.78893738515723
                ],
                "_res_number_t2/_extraf-number_t2": [
                    29.050394696419595,
                    91.86217754056119
                ]
            },
            "edges": {
                "_fun_composition/_extrar-composition-edge-0": [
                    [
                        68.66935221595085,
                        10.465544385140298
                    ],
                    [
                        78.66935221595085,
                        10.465544385140298
                    ],
                    [
                        77.75936890371193,
                        10.465544385140298
                    ],
                    [
                        77.75936890371193,
                        10.465544385140298
                    ],
                    [
                        133.75936890371193,
                        10.465544385140298
                    ],
                    [
                        143.75936890371193,
                        10.465544385140303
                    ]
                ],
                "_res_number_t1/_extraf-number_t1-edge-0": [
                    [
                        42.38038126868522,
                        53.32339300001693
                    ],
                    [
                        52.38038126868522,
                        53.32339300001693
                    ],
                    [
                        80.78629049147202,
                        53.32339300001693
                    ],
                    [
                        80.78629049147202,
                        53.32339300001693
                    ],
                    [
                        109.1921997142588,
                        53.32339300001693
                    ],
                    [
                        119.1921997142588,
                        53.32339300001693
                    ]
                ],
                "_res_number_t2/_extraf-number_t2-edge-0": [
                    [
                        42.38038126868522,
                        99.25448177029752
                    ],
                    [
                        52.38038126868522,
                        99.25448177029752
                    ],
                    [
                        80.78629049147202,
                        99.25448177029752
                    ],
                    [
                        80.78629049147202,
                        99.25448177029752
                    ],
                    [
                        109.1921997142588,
                        99.25448177029752
                    ],
                    [
                        119.1921997142588,
                        99.25448177029752
                    ]
                ]
            }
        }
    }
}