{
    "styles": {
        "Regular-No-IF_OWN_ICON_EXISTS": {
            "nodes": {
                "_fun_composition": [
                    249.93738098433636,
                    178.1563171444539
                ],
                "_res_total_capital_cost": [
                    379.94219259397244,
                    33.156268055270054
                ],
                "_res_total_num_operators": [
                    370.20606283323025,
                    132.484426627497
                ],
                "dp_t1": [
                    63.42127990722655,
                    0.0
                ],
                "dp_t2": [
                    63.42127990722656,
                    90.32815857222695
                ],
                "_fun_composition/_extrar-composition": [
                    422.9534790140248,
                    181.24471232915477
                ],
                "_res_total_capital_cost/_extraf-total_capital_cost": [
                    124.96869049216815,
                    236.45372658643183
                ],
                "_res_total_num_operators/_extraf-total_num_operators": [
                    278.36108195517,
                    224.45617651265422
                ],
                "dp_t1/_extraf-number_t1": [
                    0.0,
                    40.74466323997089
                ],
                "dp_t1/_extrar-capital_cost": [
                    302.68479716513093,
                    20.818022157207224
                ],
                "dp_t1/_extrar-operators": [
                    278.36108195517,
                    63.536410906098915
                ],
                "dp_t2/_extraf-number_t2": [
                    0.0,
                    131.07282181219784
                ],
                "dp_t2/_extrar-capital_cost": [
                    489.2008982422407,
                    122.58452148798872
                ],
                "dp_t2/_extrar-operators": [
                    278.36108195517,
                    138.57282181219784
                ],
                "_mult": [
                    292.927897646934,
                    17.092283629648335
                ],
                "_sum": [
                    274.1494867999159,
                    33.51445007324219
                ],
                "_sum1": [
                    274.1494867999159,
                    132.84260864546914
                ]
            },
            "edges": {
                "_fun_composition/_extrar-composition-edge-0": [
                    [
                        318.6067332002872,
                        188.6218615295942
                    ],
                    [
                        328.6067332002872,
                        188.6218615295942
                    ],
                    [
                        370.78010610715603,
                        188.6218615295942
                    ],
                    [
                        370.78010610715603,
                        188.6370165588911
                    ],
                    [
                        412.9534790140248,
                        188.6370165588911
                    ],
                    [
                        422.9534790140248,
                        188.6370165588911
                    ]
                ],
                "_res_total_capital_cost/_extraf-total_capital_cost-edge-0": [
                    [
                        137.33120880271503,
                        243.84495964917596
                    ],
                    [
                        147.33120880271503,
                        243.84495964917596
                    ],
                    [
                        199.88307164847376,
                        243.84495964917596
                    ],
                    [
                        199.88307164847376,
                        243.82980461987913
                    ],
                    [
                        252.4349344942325,
                        243.82980461987913
                    ],
                    [
                        262.4349344942325,
                        243.82980461987913
                    ]
                ],
                "_res_total_num_operators/_extraf-total_num_operators-edge-0": [
                    [
                        296.78236186239656,
                        231.8828175954179
                    ],
                    [
                        306.78236186239656,
                        231.8828175954179
                    ],
                    [
                        334.8749242223904,
                        231.8828175954179
                    ],
                    [
                        334.8749242223904,
                        231.8828175954179
                    ],
                    [
                        362.9674865823842,
                        231.8828175954179
                    ],
                    [
                        372.9674865823842,
                        231.8828175954179
                    ]
                ],
                "dp_t1/_extraf-number_t1-edge-0": [
                    [
                        13.329986572265625,
                        48.136967469707216
                    ],
                    [
                        23.329986572265625,
                        48.136967469707216
                    ],
                    [
                        39.454060364492285,
                        48.136967469707216
                    ],
                    [
                        39.454060364492285,
                        47.97333679343769
                    ],
                    [
                        55.578134156718946,
                        47.97333679343769
                    ],
                    [
                        65.57813415671895,
                        47.97333679343769
                    ]
                ],
                "dp_t1/_extrar-capital_cost-edge-0": [
                    [
                        194.976098634258,
                        40.46905212546894
                    ],
                    [
                        204.976098634258,
                        40.46905212546894
                    ],
                    [
                        248.83044789969446,
                        40.46905212546894
                    ],
                    [
                        248.83044789969446,
                        28.209255219951366
                    ],
                    [
                        292.68479716513093,
                        28.209255219951366
                    ],
                    [
                        302.68479716513093,
                        28.209255219951366
                    ]
                ],
                "dp_t1/_extrar-operators-edge-0": [
                    [
                        202.78052673484393,
                        55.671304322734564
                    ],
                    [
                        212.78052673484393,
                        55.671304322734564
                    ],
                    [
                        240.57080434500696,
                        55.671304322734564
                    ],
                    [
                        240.57080434500696,
                        70.96305198886259
                    ],
                    [
                        268.36108195517,
                        70.96305198886259
                    ],
                    [
                        278.36108195517,
                        70.96305198886259
                    ]
                ],