{
    "styles": {
        "Regular-No-IF_OWN_ICON_EXISTS": {
            "nodes": {
                "_fun_number_t2": [
                    0.0,
                    21.470838675114095
                ],
                "_res_capital_cost": [
                    246.50026754514423,
                    0.0
                ],
                "_res_operators": [
                    253.49086813108173,
                    85.88335470045638
                ],
                "_mult": [
                    112.97821554030007,
                    0.6045694996615918
                ],
                "_mult/_extrar-_res": [
                    273.4245636087513,
                    3.088395184700844
                ],
                "_res_capital_cost/_extraf-capital_cost": [
                    24.77846781653679,
                    92.06014506985807
                ],
                "_res_operators/_extraf-operators": [
                    148.0286015891089,
                    88.97174988515724
                ],
                "_fun_number_t2/_extrar-number_t2": [
                    139.90251160390721,
                    3.088395184700844
                ],
                "_mult1": [
                    151.8170064338548,
                    48.29985936820033
                ],
                "_mult1/_extrar-_res2": [
                    273.4245636087513,
                    46.03007253492903
                ]
            },
            "edges": {
                "(_fun_number_t2:number_t2)-(_mult:_op)": [
                    [
                        65.21679179114616,
                        31.98587494257861
                    ],
                    [
                        75.21679179114616,
                        31.98587494257861
                    ],
                    [
                        90.17593079046931,
                        31.98587494257861
                    ],
                    [
                        90.17593079046931,
                        10.51503626746452
                    ],
                    [
                        105.13506978979245,
                        10.51503626746452
                    ],
                    [
                        115.13506978979245,
                        10.51503626746452
                    ]
                ],
                "(_fun_number_t2:number_t2)-(_res_operators:operators)": [
                    [
                        65.21679179114616,
                        32.62321828543664
                    ],
                    [
                        75.21679179114616,
                        32.62321828543664
                    ],
                    [
                        98.03656082586971,
                        32.62321828543664
                    ],
                    [
                        98.03656082586971,
                        55.33596980307037
                    ],
                    [
                        120.85632986059326,
                        55.33596980307037
                    ],
                    [
                        130.85632986059326,
                        55.33596980307037
                    ]
                ],
                "_mult/_extrar-_res-edge-0": [
                    [
                        199.34341329565183,
                        10.515036267464513
                    ],
                    [
                        209.34341329565183,
                        10.515036267464513
                    ],
                    [
                        236.38398845220158,
                        10.515036267464513
                    ],
                    [
                        236.38398845220158,
                        10.515036267464517
                    ],
                    [
                        263.4245636087513,
                        10.515036267464517
                    ],
                    [
                        273.4245636087513,
                        10.515036267464517
                    ]
                ],
                "_res_capital_cost/_extraf-capital_cost-edge-0": [
                    [
                        43.199747723763345,
                        99.48678615262173
                    ],
                    [
                        53.199747723763345,
                        99.48678615262173
                    ],
                    [
                        79.46969350660872,
                        99.48678615262173
                    ],
                    [
                        79.46969350660872,
                        99.48678615262172
                    ],
                    [
                        105.73963928945409,
                        99.48678615262172
                    ],
                    [
                        115.73963928945409,
                        99.48678615262172
                    ]
                ],
                "_res_operators/_extraf-operators-edge-0": [
                    [
                        166.44988149633545,
                        96.3983909679209
                    ],
                    [
                        176.44988149633545,
                        96.3983909679209
                    ],
                    [
                        211.3510866882856,
                        96.3983909679209
                    ],
                    [
                        211.3510866882856,
                        96.39839096792089
                    ],
                    [
                        246.2522918802357,
                        96.39839096792089
                    ],
                    [
                        256.2522918802357,
                        96.39839096792089
                    ]
                ],
                "_fun_number_t2/_extrar-number_t2-edge-0": [
                    [
                        65.21679179114616,
                        10.515036267464517
                    ],
                    [
                        75.21679179114616,
                        10.515036267464517
                    ],
                    [
                        102.55965169752669,
                        10.515036267464517
                    ],
                    [
                        102.55965169752669,
                        10.515036267464517
                    ],
                    [
                        129.90251160390721,
                        10.515036267464517
                    ],
                    [
                        139.90251160390721,
                        10.515036267464517
                    ]
                ],
                "(_mult:_res)-(_res_capital_cost:capital_cost)": [
                    [
                        199.34341329565183,
                        10.51503626746452
                    ],
                    [
                        209.34341329565183,
                        10.51503626746452
                    ],
                    [
                        224.30255229497502,
                        10.51503626746452
                    ],
                    [
                        224.30255229497502,
                        10.515036267464517
                    ],
                    [
                        239.2616912942982,
                        10.515036267464517
                    ],
                    [
                        249.2616912942982,
                        10.515036267464517
                    ]
                ],