{
    "styles": {
        "Regular-No-IF_OWN_ICON_EXISTS": {
            "nodes": {
                "_fun_number_t1": [
                    0.0,
                    23.015036267464517
                ],
                "_res_capital_cost": [
                    253.09766439573016,
                    0.0
                ],
                "_res_operators": [
                    260.0882649816677,
                    46.03007253492903
                ],
                "_mult": [
                    112.97821554030007,
                    0.6045694996615918
                ],
                "_mult/_extrar-_res": [
                    280.02196045933727,
                    3.088395184700844
                ],
                "_res_capital_cost/_extraf-capital_cost": [
                    151.32730001440186,
                    46.03007253492903
                ],
                "_res_operators/_extraf-operators": [
                    151.32730001440186,
                    92.06014506985807
                ],
                "_mult1": [
                    155.11570485914777,
                    51.388254552901174
                ]
            },
            "edges": {
                "(_fun_number_t1:number_t1)-(_mult:_op)": [
                    [
                        65.21679179114616,
                        33.53007253492903
                    ],
                    [
                        75.21679179114616,
                        33.53007253492903
                    ],
                    [
                        90.17593079046931,
                        33.53007253492903
                    ],
                    [
                        90.17593079046931,
                        10.51503626746452
                    ],
                    [
                        105.13506978979245,
                        10.51503626746452
                    ],
                    [
                        115.13506978979245,
                        10.51503626746452
                    ]
                ],
                "(_fun_number_t1:number_t1)-(_res_operators:operators)": [
                    [
                        65.21679179114616,
                        32.62321828543664
                    ],
                    [
                        75.21679179114616,
                        32.62321828543664
                    ],
                    [
                        99.6859100385162,
                        32.62321828543664
                    ],
                    [
                        99.6859100385162,
                        55.33596980307037
                    ],
                    [
                        124.15502828588623,
                        55.33596980307037
                    ],
                    [
                        134.15502828588623,
                        55.33596980307037
                    ]
                ],
                "_mult/_extrar-_res-edge-0": [
                    [
                        205.94081014623777,
                        10.515036267464513
                    ],
                    [
                        215.94081014623777,
                        10.515036267464513
                    ],
                    [
                        214.02196045933727,
                        10.515036267464513
                    ],
                    [
                        214.02196045933727,
                        10.515036267464513
                    ],
                    [
                        270.02196045933727,
                        10.515036267464513
                    ],
                    [
                        280.02196045933727,
                        10.515036267464517
                    ]
                ],
                "_res_capital_cost/_extraf-capital_cost-edge-0": [
                    [
                        169.74857992162842,
                        53.45671361769271
                    ],
                    [
                        179.74857992162842,
                        53.45671361769271
                    ],
                    [
                        212.8038340332563,
                        53.45671361769271
                    ],
                    [
                        212.8038340332563,
                        53.45671361769271
                    ],
                    [
                        245.85908814488414,
                        53.45671361769271
                    ],
                    [
                        255.85908814488414,
                        53.45671361769271
                    ]
                ],
                "_res_operators/_extraf-operators-edge-0": [
                    [
                        169.74857992162842,
                        99.48678615262173
                    ],
                    [
                        179.74857992162842,
                        99.48678615262173
                    ],
                    [
                        216.299134326225,
                        99.48678615262173
                    ],
                    [
                        216.299134326225,
                        99.48678615262172
                    ],
                    [
                        252.84968873082158,
                        99.48678615262172
                    ],
                    [
                        262.8496887308216,
                        99.48678615262172
                    ]
                ],
                "(_mult:_res)-(_res_capital_cost:capital_cost)": [
                    [
                        205.94081014623777,
                        10.51503626746452
                    ],
                    [
                        215.94081014623777,
                        10.51503626746452
                    ],
                    [
                        213.85908814488414,
                        10.51503626746452
                    ],
                    [
                        213.85908814488414,
                        10.51503626746452
                    ],
                    [
                        245.85908814488414,
                        10.51503626746452
                    ],
                    [
                        255.85908814488414,
                        10.515036267464517
                    ]
                ],
                "(_fun_number_t1:number_t1)-(_mult1:_op)": [
                    [
                        65.21679179114616,
                        33.53007253492903
                    ],
                    [
                        75.21679179114616,
                        33.53007253492903
                    ],
                    [
                        111.24467544989315,
                        33.53007253492903
                    ],
                    [
                        111.24467544989315,
                        56.54510880239356
                    ],
                    [
                        147.27255910864014,
                        56.54510880239356
                    ],
                    [
                        157.27255910864014,
                        56.54510880239356
                    ]
                ],