{
    "styles": {
        "Regular-No-IF_OWN_ICON_EXISTS": {
            "nodes": {
                "_fun_roi": [
                    0.0,
                    0.0
                ],
                "_res_satisfied_demand": [
                    75.00000000000003,
                    42.89111430091178
                ],
                "_invmultvalue": [
                    74.99999999999999,
                    0.6045694996615865
                ],
                "_fun_roi/_extrar-roi": [
                    115.18624369544307,
                    3.037832135384435
                ],
                "_res_satisfied_demand/_extraf-satisfied_demand": [
                    5.789360046386719,
                    45.928946436296215
                ]
            },
            "edges": {
                "(_fun_roi:roi)-(_invmultvalue:_result)": [
                    [
                        22.4027099609375,
                        10.464473218148107
                    ],
                    [
                        32.4027099609375,
                        10.464473218148107
                    ],
                    [
                        35.15685424949237,
                        10.464473218148107
                    ],
                    [
                        35.15685424949237,
                        10.464473218148107
                    ],
                    [
                        67.15685424949237,
                        10.464473218148107
                    ],
                    [
                        77.15685424949237,
                        10.464473218148107
                    ]
                ],
                "(_invmultvalue:_op)-(_res_satisfied_demand:satisfied_demand)": [
                    [
                        134.29375610496112,
                        10.464473218148107
                    ],
                    [
                        144.29375610496112,
                        10.464473218148107
                    ],
                    [
                        159.25289510428428,
                        10.464473218148107
                    ],
                    [
                        159.25289510428428,
                        10.464473218148107
                    ],
                    [
                        174.21203410360746,
                        10.464473218148107
                    ],
                    [
                        184.21203410360746,
                        10.464473218148107
                    ]
                ],
                "_fun_roi/_extrar-roi-edge-0": [
                    [
                        22.4027099609375,
                        10.464473218148107
                    ],
                    [
                        32.4027099609375,
                        10.464473218148107
                    ],
                    [
                        33.18624369544307,
                        10.464473218148107
                    ],
                    [
                        33.18624369544307,
                        10.464473218148107
                    ],
                    [
                        105.18624369544307,
                        10.464473218148107
                    ],
                    [
                        115.18624369544307,
                        10.464473218148107
                    ]
                ],
                "_res_satisfied_demand/_extraf-satisfied_demand-edge-0": [
                    [
                        24.21063995361328,
                        53.35558751905989
                    ],
                    [
                        34.21063995361328,
                        53.35558751905989
                    ],
                    [
                        50.98603185138364,
                        53.35558751905989
                    ],
                    [
                        50.98603185138364,
                        53.35558751905988
                    ],
                    [
                        67.761423749154,
                        53.35558751905988
                    ],
                    [
                        77.761423749154,
                        53.35558751905988
                    ]
                ]
            }
        }
    }
}