{
    "styles": {
        "Regular-No-IF_OWN_ICON_EXISTS": {
            "nodes": {
                "_fun_satisfied_demand": [
                    0.0,
                    0.0
                ],
                "_res_avg_discomfort_level": [
                    143.79376729811264,
                    42.85570628089223
                ],
                "_res_avg_hops": [
                    176.35919698561264,
                    88.78465271718844
                ],
                "_res_avg_transfers": [
                    166.00515493238998,
                    134.71359915348464
                ],
                "_res_avg_travel_time": [
                    158.60243734205795,
                    180.64254558978084
                ],
                "_res_composition": [
                    168.95322164381577,
                    226.57149202607707
                ],
                "_res_total_emissions": [
                    160.43765004957748,
                    272.50043846237327
                ],
                "_fun_satisfied_demand/_extrar-satisfied_demand": [
                    198.482772834376,
                    3.073240155403952
                ],
                "_res_avg_discomfort_level/_extraf-avg_discomfort_level": [
                    43.215624493782876,
                    45.928946436296194
                ],
                "_res_avg_hops/_extraf-avg_hops": [
                    43.215624493782876,
                    91.8578928725924
                ],
                "_res_avg_transfers/_extraf-avg_transfers": [
                    43.215624493782876,
                    137.7868393088886
                ],
                "_res_avg_travel_time/_extraf-avg_travel_time": [
                    43.215624493782876,
                    183.7157857451848
                ],
                "_res_composition/_extraf-composition": [
                    43.215624493782876,
                    229.644732181481
                ],
                "_res_total_emissions/_extraf-total_emissions": [
                    43.215624493782876,
                    275.5736786177772
                ],
                "": [
                    0.0,
                    0.0
                ]
            },
            "edges": {
                "_fun_satisfied_demand/_extrar-satisfied_demand-edge-0": [
                    [
                        101.88238017005241,
                        10.515036267464517
                    ],
                    [
                        111.88238017005241,
                        10.515036267464517
                    ],
                    [
                        108.482772834376,
                        10.515036267464517
                    ],
                    [
                        108.482772834376,
                        10.515036267464517
                    ],
                    [
                        188.482772834376,
                        10.515036267464517
                    ],
                    [
                        198.482772834376,
                        10.499881238167625
                    ]
                ],
                "_res_avg_discomfort_level/_extraf-avg_discomfort_level-edge-0": [
                    [
                        61.63690440100944,
                        53.35558751905987
                    ],
                    [
                        71.63690440100945,
                        53.35558751905987
                    ],
                    [
                        64.55519104726662,
                        53.35558751905987
                    ],
                    [
                        64.55519104726662,
                        53.35558751905987
                    ],
                    [
                        136.55519104726662,
                        53.35558751905987
                    ],
                    [
                        146.55519104726662,
                        53.370742548356745
                    ]
                ],
                "_res_avg_hops/_extraf-avg_hops-edge-0": [
                    [
                        61.63690440100944,
                        99.28453395535607
                    ],
                    [
                        71.63690440100945,
                        99.28453395535607
                    ],
                    [
                        65.12062073476662,
                        99.28453395535607
                    ],
                    [
                        65.12062073476662,
                        99.28453395535607
                    ],
                    [
                        169.12062073476662,
                        99.28453395535607
                    ],
                    [
                        179.12062073476662,
                        99.29968898465295
                    ]
                ],
                "_res_avg_transfers/_extraf-avg_transfers-edge-0": [
                    [
                        61.63690440100944,
                        145.21348039165227
                    ],
                    [
                        71.63690440100945,
                        145.21348039165227
                    ],
                    [
                        115.2017415412767,
                        145.21348039165227
                    ],
                    [
                        115.2017415412767,
                        145.22863542094916
                    ],
                    [
                        158.76657868154396,
                        145.22863542094916
                    ],
                    [
                        168.76657868154396,
                        145.22863542094916
                    ]
                ],
                "_res_avg_travel_time/_extraf-avg_travel_time-edge-0": [
                    [
                        61.63690440100944,
                        191.14242682794847
                    ],
                    [
                        71.63690440100945,
                        191.14242682794847
                    ],
                    [
                        111.50038274611069,
                        191.14242682794847
                    ],
                    [
                        111.50038274611069,
                        191.15758185724536
                    ],
                    [
                        151.36386109121193,
                        191.15758185724536
                    ],
                    [
                        161.36386109121193,
                        191.15758185724536
                    ]
                ],
                "_res_composition/_extraf-composition-edge-0": [
                    [
                        61.63690440100944,
                        237.07137326424467
                    ],
                    [
                        71.63690440100945,
                        237.07137326424467
                    ],
                    [
                        116.6757748969896,
                        237.07137326424467
                    ],
                    [
                        116.6757748969896,
                        237.0865282935416
                    ],
                    [
                        161.71464539296974,
                        237.0865282935416
                    ],
                    [
                        171.71464539296974,
                        237.0865282935416
                    ]
                ],