{
    "styles": {
        "Regular-No-IF_OWN_ICON_EXISTS": {
            "nodes": {
                "_fun_satisfied_demand": [
                    0.0,
                    0.0
                ],
                "_res_avg_discomfort_level": [
                    143.79376729811264,
                    42.85570628089223
                ],
                "_res_avg_hops": [
                    176.35919698561264,
                    88.78465271718844
                ],
                "_res_avg_transfers": [
                    166.00515493238998,
                    134.71359915348464
                ],
                "_res_avg_travel_time": [
                    158.60243734205795,
                    180.64254558978084
                ],
                "_res_composition": [
                    168.95322164381577,
                    226.57149202607707
                ],
                "_res_total_emissions": [
                    160.43765004957748,
                    272.50043846237327
                ],
                "_fun_satisfied_demand/_extrar-satisfied_demand": [
                    198.482772834376,
                    3.073240155403952
                ],
                "_res_avg_discomfort_level/_extraf-avg_discomfort_level": [
                    43.215624493782876,
                    45.928946436296194
                ],
                "_res_avg_hops/_extraf-avg_hops": [
                    43.215624493782876,
                    91.8578928725924
                ],
                "_res_avg_transfers/_extraf-avg_transfers": [
                    43.215624493782876,
                    137.7868393088886
                ],
                "_res_avg_travel_time/_extraf-avg_travel_time": [
                    43.215624493782876,
                    183.7157857451848
                ],
                "_res_composition/_extraf-composition": [
                    43.215624493782876,
                    229.644732181481
                ],
                "_res_total_emissions/_extraf-total_emissions": [
                    43.215624493782876,
                    275.5736786177772
                ]
            },
            "edges": {
                "_fun_satisfied_demand/_extrar-satisfied_demand-edge-0": [
                    [
                        96.03234354895866,
                        10.464473218148107
                    ],
                    [
                        106.03234354895866,
                        10.464473218148107
                    ],
                    [
                        147.25755819166733,
                        10.464473218148107
                    ],
                    [
                        147.25755819166733,
                        10.464473218148093
                    ],
                    [
                        188.482772834376,
                        10.464473218148093
                    ],
                    [
                        198.482772834376,
                        10.464473218148093
                    ]
                ],
                "_res_avg_discomfort_level/_extraf-avg_discomfort_level-edge-0": [
                    [
                        55.57814280432975,
                        53.320179499040336
                    ],
                    [
                        65.57814280432976,
                        53.320179499040336
                    ],
                    [
                        101.06666692579819,
                        53.320179499040336
                    ],
                    [
                        101.06666692579819,
                        53.320179499040336
                    ],
                    [
                        136.55519104726662,
                        53.320179499040336
                    ],
                    [
                        146.55519104726662,
                        53.320179499040336
                    ]
                ],
                "_res_avg_hops/_extraf-avg_hops-edge-0": [
                    [
                        55.57814280432975,
                        99.24912593533654
                    ],
                    [
                        65.57814280432976,
                        99.24912593533654
                    ],
                    [
                        117.34938176954819,
                        99.24912593533654
                    ],
                    [
                        117.34938176954819,
                        99.24912593533654
                    ],
                    [
                        169.12062073476662,
                        99.24912593533654
                    ],
                    [
                        179.12062073476662,
                        99.24912593533654
                    ]
                ],
                "_res_avg_transfers/_extraf-avg_transfers-edge-0": [
                    [
                        55.57814280432975,
                        145.17807237163274
                    ],
                    [
                        65.57814280432976,
                        145.17807237163274
                    ],
                    [
                        112.17236074293686,
                        145.17807237163274
                    ],
                    [
                        112.17236074293686,
                        145.17807237163277
                    ],
                    [
                        158.76657868154396,
                        145.17807237163277
                    ],
                    [
                        168.76657868154396,
                        145.17807237163277
                    ]
                ],
                "_res_avg_travel_time/_extraf-avg_travel_time-edge-0": [
                    [
                        55.57814280432975,
                        191.10701880792894
                    ],
                    [
                        65.57814280432976,
                        191.10701880792894
                    ],
                    [
                        108.47100194777084,
                        191.10701880792894
                    ],
                    [
                        108.47100194777084,
                        191.10701880792897
                    ],
                    [
                        151.36386109121193,
                        191.10701880792897
                    ],
                    [
                        161.36386109121193,
                        191.10701880792897
                    ]
                ],
                "_res_composition/_extraf-composition-edge-0": [
                    [
                        55.57814280432975,
                        237.03596524422514
                    ],
                    [
                        65.57814280432976,
                        237.03596524422514
                    ],
                    [
                        65.71464539296974,
                        237.03596524422514
                    ],
                    [
                        65.71464539296974,
                        237.03596524422514
                    ],
                    [
                        161.71464539296974,
                        237.03596524422514
                    ],
                    [
                        171.71464539296974,
                        237.0359652442252
                    ]
                ],